number,personnummer
SE8902XIMR45726412027481,591202-5292
SE8902KYCA60096331052021,591202-5292
SE8902ETJQ36713699265219,840925-9846
SE8902BHZA67238418870555,840925-9846
SE8902SBAO89984211669214,570909-2034
SE8902SJTL11599798500691,570909-2034
SE8902NDRY94330087183063,910527-3057
SE8902YVIK70415315075844,910527-3057
SE8902WLSU18715288783344,700115-0627
SE8902SUUS97732018069804,700115-0627
SE8902BCBM99110024350767,560803-8641
SE8902ZMQM73231473582224,771211-1009
SE8902STGX47356996647044,941208-9022
SE8902DRPZ39900157591562,941208-9022
SE8902XFUT86856685665844,360907-5977
SE8902UNAS99261172805475,360907-5977
SE8902QMCF81440052089706,550101-8500
SE8902OVIG64386314960609,700412-4975
SE8902YWMN91464587881536,700412-4975
SE8902WSMI87979653368068,850407-0510
SE8902GMUX05957198164015,850407-0510
SE8902CZCK70016925304587,920824-7032
SE8902PZTL23820170338253,560820-7469
SE8902ZZJJ01114055756075,660901-6750
SE8902PPFR05236832411337,900511-0326
SE8902WEFD50718097527603,900511-0326
SE8902HSQU88933197179143,900201-9900
SE8902WRYQ08007617557527,710228-3640
SE8902FCSW95176136252838,990825-8677
SE8902BQNQ69176231619922,890122-2250
SE8902BMSI04092242487168,870321-1345
SE8902HWVN51824433982815,810826-8072
SE8902EBDV16116935097956,810826-8072
SE8902FTQH91546456005449,810530-5869
SE8902XRCE19182210961798,020903-0360
SE8902ILZB90860503618301,020903-0360
SE8902FBYZ81516210215906,990425-4589
SE8902CDDV64227210788344,990425-4589
SE8902ZVJW55438698935470,990425-4589
SE8902LOLQ30361773270969,800601-9205
SE8902RCFY84234093453234,800601-9205
SE8902AEVE73182987685000,531218-9045
SE8902PTHR81156296745441,531218-9045
SE8902AAYR66080694259848,830316-7921
SE8902WYTK50048312433490,591025-3086
SE8902THJU27854211405441,591025-3086
SE8902QNGU62382925490296,610124-2102
SE8902UZFC35584103012440,610124-2102
SE8902BGCF67757260981303,610124-2102
SE8902KHYH04176749922863,610124-2102
SE8902ZDPX83448033012017,750816-9906
SE8902UAPI02766067279075,000729-2626
SE8902YTFQ16904012751995,000729-2626
SE8902SSGW48690336553109,000729-2626
SE8902IMVA62076292607481,951219-1827
SE8902QYFT57042914861124,360509-7157
SE8902RLSG12767085782996,360509-7157
SE8902PUDL58377351315770,490205-4156
SE8902AQRB36999472864205,490205-4156
SE8902IBAQ78684905583677,960118-3750
SE8902LYWR90116189913788,960118-3750
SE8902XUAX18122331509540,960118-3750
SE8902KYMF00818373014541,960118-3750
SE8902THDC84449645536652,960118-3750
SE8902SAWK60407544811166,400615-2179
SE8902NMQR71855583325022,400615-2179
SE8902FPSB19207759109856,831015-6966
SE8902PADC91933870541145,000528-6208
SE8902DEGT90866342611697,000528-6208
SE8902JKWB70201452045669,810127-9324
SE8902HPKQ79721411987869,810127-9324
SE8902JWUP15793818606310,810127-9324
SE8902FEBM25264070631694,810127-9324
SE8902IHHA88912900484285,810127-9324
SE8902GSEI15741490053824,950610-3333
SE8902DZXI76159867731811,950610-3333
SE8902AKAN49343326807248,950610-3333
SE8902COGU92653261545064,950610-3333
SE8902RFUL28985231334673,780522-8538
SE8902OEXR07690449901329,780522-8538
SE8902LSVH70336677964775,780522-8538
SE8902GVXJ12363036515378,840325-4447
SE8902HYTC59826855483095,570727-4113
SE8902MJPD36140835552187,601221-1162
SE8902OXYI49919117049780,370410-2593
SE8902OEOM69074820694982,361223-8190
SE8902ZPXV99953519204202,361223-8190
SE8902IFQR53092308854269,010819-2915
SE8902SNTF95279666195529,010819-2915
SE8902HSBP85051707021176,010819-2915
SE8902HHRB37731951217173,830304-0193
SE8902BQMD08495656622319,830304-0193
SE8902UDHZ97810086201983,830304-0193
SE8902DKGL05263689539023,641013-8579
SE8902YRMM27818499157642,710516-8236
SE8902QBJU48285545311827,740316-2550
SE8902QJJC66980137358707,400611-4310
SE8902KVAK28917629294820,760918-6452
SE8902GYDJ79901773061683,680403-4699
SE8902DDPN38494413179386,020113-8070
SE8902ZKZI53742913677624,020113-8070
SE8902SMEN66982166267802,020113-8070
SE8902YUTJ92884606652331,450814-5291
SE8902BOMC33907949835030,790905-0960
SE8902PFXV26279842153974,880516-8179
SE8902YXBY15728996594686,680530-1600
SE8902LNRH23827965339755,680530-1600
SE8902FNII57196986671320,680530-1600
SE8902BJZI02769784324689,550920-1330
SE8902JOUY80486050372530,550920-1330
SE8902KMHR37818950397919,740324-7690
SE8902DVMW47021992301578,380827-0593
SE8902BUGG99469999268316,380827-0593
SE8902PBIW30011757227628,770703-0164
SE8902DKDV39301644618937,770703-0164
SE8902MOER82232856654070,010202-4973
SE8902HPUA63298198028138,010202-4973
SE8902SAAS45009568739919,010202-4973
SE8902IFTV45914273013389,910427-5749
SE8902IFKO11305456743775,671022-3337
SE8902XHOB54363241632446,371203-9753
SE8902QNLW32410465375826,371203-9753
SE8902OEDJ16645878939778,371203-9753
SE8902AZCJ34918120321272,371203-9753
SE8902WPHL32329175684552,581014-3163
SE8902IWOX62014959781861,581014-3163
SE8902RDGG19919929782660,581014-3163
SE8902AATM65113503541119,581014-3163
SE8902WDQP86401050581224,981031-5714
SE8902RSQK07530336916695,981031-5714
SE8902VOVQ30938789200837,841221-6098
SE8902JXIW53114327570776,841221-6098
SE8902PZOD95284482487556,841221-6098
SE8902KSZX19805554363031,720802-1092
SE8902YGCP33752044731486,720802-1092
SE8902RDNL91365756169597,560722-3962
SE8902PJLT23740498738943,651228-1533
SE8902FMJT85003375468035,621221-8439
SE8902AEQJ97044224731438,791105-7318
SE8902TJIS91982698708838,820713-5859
SE8902NNPO32270460751106,820713-5859
SE8902CLKE27603528615817,401010-7821
SE8902BSVA21110234582979,401010-7821
SE8902HEXR67420014606110,401010-7821
SE8902VHGB89375184727781,681202-2447
SE8902TWFA09444632905395,681202-2447
SE8902FVHN39495333689229,681202-2447
SE8902MJGO82608964017389,890401-8192
SE8902NSEL44785492868446,890401-8192
SE8902WOII80941988729719,620109-6911
SE8902GWFN53836172198642,570225-6891
SE8902OFWW42714463200206,570225-6891
SE8902EEIO32120926178982,570225-6891
SE8902WOCA81616237592259,430307-5800
SE8902CINJ84660395744493,430307-5800
SE8902CLPP89327335369810,430307-5800
SE8902FWMV33635891261889,430307-5800
SE8902LUXI87913376055346,980813-4705
SE8902CCJB36121184455364,980813-4705
SE8902WWNV14831174045632,980813-4705
SE8902JZJA31554426603417,571126-4399
SE8902GQQY05754521609507,690516-5236
SE8902TYPP30001101129706,690516-5236
SE8902SGSD43591731018892,690516-5236
SE8902WIPC97174708255452,450724-8120
SE8902KNLO67215503583767,580322-7841
SE8902ETJH02290530681613,720415-4723
SE8902AJUH85251795941386,720415-4723
SE8902AKVJ14339517241760,670817-7677
SE8902AAZZ32784603345278,670817-7677
SE8902CMZI16054617545068,440726-3427
SE8902CNMG08037296664688,440726-3427
SE8902DYAF32145510798862,360718-2015
SE8902YIBX18686296958097,441025-7747
SE8902QOGT82411918877034,441025-7747
SE8902GQWR55249250193579,441025-7747
SE8902EQSL10450522788361,441025-7747
SE8902QHIC85594136647713,030514-0006
SE8902TRKY32176035596562,030514-0006
SE8902YJDF24480796274041,560610-7018
SE8902MPOT72920741409910,560610-7018
SE8902OAHK70861716441556,601210-5430
SE8902SPJM60038922234992,601210-5430
SE8902VRDK31970786547803,620814-3393
SE8902JEYG86800556121335,950323-4149
SE8902RLWE03393861225946,950323-4149
SE8902GIUD21243571783265,950323-4149
SE8902MBHI25416661313721,850428-3923
SE8902LOMU97486516259604,850428-3923
SE8902KWYN10283874927709,690518-9897
SE8902MJVN53448141616793,890326-9333
SE8902AEGM67241347515309,890326-9333
SE8902WNTK05683809343383,890326-9333
SE8902SQBW98014213919095,890326-9333
SE8902NIWO24193398977761,751230-9027
SE8902ENIU57381398416489,770422-9561
SE8902AEOP68872744631879,470911-0326
SE8902GCOR12899155118132,661016-2239
SE8902GCRY80045789473621,661016-2239
SE8902RMIR03366948579196,661016-2239
SE8902QHSI40398116494985,850616-7512
SE8902MSAR24499635675421,850616-7512
SE8902ZIZT70325031118745,520817-6429
SE8902FDTQ44344454210996,520817-6429
SE8902OLRK14929681883745,360715-9682
SE8902SZWO66860675966705,640830-0389
SE8902EHUT38956930740017,520114-1859
SE8902AXXW50050624980139,511205-1783
SE8902IXHL99399105932501,640907-6863
SE8902YRLR61656366802553,520114-6379
SE8902IBBB76794427347626,390622-9798
SE8902ORVX75782738034691,880114-4703
SE8902UJMG75535352007052,520714-8825
SE8902OKWN28902646267389,520714-8825
SE8902MPMD99811264245009,730131-0483
SE8902JJOM45604363294664,670330-7444
SE8902XOPN50088541621716,670330-7444
SE8902BKCS92343891835591,670330-7444
SE8902YVHJ42522156401912,460115-0438
SE8902HAWU21951686141204,640602-5434
SE8902LVHS64335396457755,640602-5434
SE8902HFMX47987072780628,530711-8793
SE8902RWDU36615393032914,530711-8793
SE8902LVFD54386643116103,900530-8797
SE8902EDEL42831023335290,900530-8797
SE8902OECA72149015702663,900530-8797
SE8902RRBG98040376871961,010331-3854
SE8902BOSB65998671974197,450213-8599
SE8902YSVF37110783104262,450213-8599
SE8902BFAA59502027796519,840613-3390
SE8902CUUX35991776274673,781209-4915
SE8902MEUJ12583052373274,840514-6385
SE8902AHNV89692341198492,840514-6385
SE8902NTFH01064636641044,840514-6385
SE8902MAFK91613138529780,641022-8859
SE8902LZLX90544527585788,680229-6191
SE8902JAGM21136886702516,700918-9908
SE8902IPJL84462668733092,700918-9908
SE8902KXQZ51570419970356,540701-2516
SE8902SAXR50686340728598,540701-2516
SE8902PNMZ47985736012731,540701-2516
SE8902VJRI33586922529209,450828-8802
SE8902JVNE11202882283459,900712-8805
SE8902BUEG01543905771095,540922-2501
SE8902KATB35108246964189,870102-3718
SE8902EXDO77351409949930,480229-6808
SE8902OMHQ61023228616959,770327-2380
SE8902TARQ52814552542297,610915-5900
SE8902HJCU51381730307695,610915-5900
SE8902ZUIH32054423564254,610915-5900
SE8902FOSG59896805742255,631027-0456
SE8902ABGA31604511049722,731002-1477
SE8902SPVY94972178751366,730120-4108
SE8902VXEH17556635656786,690401-1134
SE8902ZHVV98111521012860,690401-1134
SE8902ROIF90393361462445,980406-0540
SE8902UXIT41676896878078,980406-0540
SE8902SVRR14245541362131,050903-1266
SE8902ZQCM12469422476399,820112-8934
SE8902JMYP35839764449656,820112-8934
SE8902NQPR37480978954996,070318-4895
SE8902XVZB53807385574494,070318-4895
SE8902IILS20920256766703,761013-7551
SE8902KYNC59297637470343,000723-9320
SE8902LYWC73141366562379,000723-9320
SE8902ACBU41545762793300,730913-5205
SE8902KYLZ91691163898855,001227-7703
SE8902YSER23809809823330,001227-7703
SE8902SVOJ32793267590900,660108-3352
SE8902FSBM50881895225169,931123-6559
SE8902SPDW36248491049541,931123-6559
SE8902YWOR66141106925315,820225-0430
SE8902ETKQ88425525618595,820225-0430
SE8902PZAZ20070100515651,530915-7518
SE8902VRMQ26366074373381,530915-7518
SE8902YJUN28649613685861,710209-0136
SE8902QEWI25966475772351,710209-0136
SE8902LFWM72503172970805,891212-8025
SE8902TRCO62989417471868,891212-8025
SE8902DFUR20294844807414,891212-8025
SE8902XVJM59989238097967,990818-7744
SE8902IFPV72140679061770,361111-4145
SE8902QYTI30134710825653,361111-4145
SE8902LCFJ99564345040191,361111-4145
SE8902LWOF30774901338793,361111-4145
SE8902YRRA01363037551827,670530-9463
SE8902FBWR45134219538438,830921-8272
SE8902UBZM65701401105939,031224-5145
SE8902POEQ50630253340435,720509-9109
SE8902DQAB77009980605702,720509-9109
SE8902CXQQ95524321022219,030409-6332
SE8902HZCR79182239930135,990624-6831
SE8902YCFT26248183967563,890613-4914
SE8902NMWD24000286452931,890613-4914
SE8902DFUH70937402764860,361229-0233
SE8902CWDO20077844008455,361229-0233
SE8902FKKA04604006870259,521003-1299
SE8902IABM71838135855326,521003-1299
SE8902VPQT37699173009844,420821-8919
SE8902OSSE16603512853960,950108-5667
SE8902IKXB56316133626800,701209-0341
SE8902BJON09518259687429,701209-0341
SE8902OLOZ02170280138462,800905-3813
SE8902AAGM52051231782998,800905-3813
SE8902XNRB01969727086641,570622-6783
SE8902ICTV53897447828239,570622-6783
SE8902YSBY00812500118146,970516-7626
SE8902KBVF13029770329223,970516-7626
SE8902KVWH71287046708619,970516-7626
SE8902OASF14087169723254,501224-6467
SE8902XYFL77134268003997,501224-6467
SE8902EGAU44847412777337,530816-5231
SE8902MHYZ08408003997445,530816-5231
SE8902ONOK52614437126010,540509-5778
SE8902GMRX38439893605753,540509-5778
SE8902UCDM83435036816918,410315-8186
SE8902BURV58798816321857,410315-8186
SE8902BHYT34889245308568,610419-8863
SE8902QHUH19874587550707,620816-1684
SE8902IGJG42825638310983,470310-8037
SE8902REPB36443168681858,470310-8037
SE8902REDG68030564852485,010209-0586
SE8902ZHVU99937869772842,480723-9480
SE8902QWQQ86008373248115,480723-9480
SE8902BPRF86991817921482,690219-4049
SE8902SVHZ40527211740813,690219-4049
SE8902XIRD62021462144304,991112-0872
SE8902BVPP11722561909890,991112-0872
SE8902NXOC67295124940565,991112-0872
SE8902CIAL03937645988715,930802-1600
SE8902ZQHA53957175041781,930802-1600
SE8902YRRR37134570492392,881222-9030
SE8902YNZE15033483705861,881222-9030
SE8902RNER71700945656875,480411-9735
SE8902IAHV26752836143814,860513-4603
SE8902ADOS04660130698652,790228-8765
SE8902JLJH61154131542583,790228-8765
SE8902EXIB33653688394695,790228-8765
SE8902KAND96978722587730,680125-3862
SE8902YMSM74745884812450,551116-3668
SE8902NXJY73173246535128,480119-8963
SE8902CYQC46682846018386,480119-8963
SE8902LIHB80150065226412,050713-9863
SE8902HRJJ07032534595815,040402-0190
SE8902NJNO71292435669410,460629-3696
SE8902PVWI60822318135818,940928-6961
SE8902VSTM42148590412545,040103-9896
SE8902DXFF41444891693538,780405-7052
SE8902HZDD35456836189006,920220-1050
SE8902PBTS55285525903827,920220-1050
SE8902WTFD23651921285545,460908-3243
SE8902FZGW85161075734916,671117-3887
SE8902GPOD99006338563817,771219-4575
SE8902YRAS19706903348525,771113-6304
SE8902WUYX84984211191528,540812-8204
SE8902ZONH09524321891052,031014-5602
SE8902SFZQ21119178952770,031014-5602
SE8902YAIY48900253729953,991008-9805
SE8902NGDD82045884942023,991008-9805
SE8902IGFR09709190696891,711228-2020
SE8902SDKC53939897005122,711228-2020
SE8902TOWZ84199421608771,910713-7995
SE8902KLID41042863819347,530710-2722
SE8902EFPE75418536242597,530710-2722
SE8902ZAUK91622162952240,530710-2722
SE8902UMVZ90861687703651,510622-7423
SE8902USUX47630735390761,510622-7423
SE8902HPSF83946072962127,881124-3487
SE8902HQAX24109353987935,881124-3487
SE8902KCCL74261469026133,060606-2966
SE8902MYSJ36785036389884,971018-8674
SE8902SBKR74537144087144,971018-8674
SE8902KKNI73122844462664,971018-8674
SE8902LJFE17402265899473,780823-7106
SE8902IFYW58294657050649,780823-7106
SE8902CLAF22088594438646,780823-7106
SE8902TCVN64620007776552,780823-7106
SE8902AUEU02373801535567,020408-0774
SE8902DELJ05746900587491,960509-8483
SE8902ZUTM99843810815634,550716-9935
SE8902ONEQ83766006335630,960311-5800
SE8902PBYT31821212795892,530430-8348
SE8902WCYY27213758450336,540526-8854
SE8902ILZI35949482301412,570213-6721
SE8902XMWU73408358252236,601212-1551
SE8902PCBN99920357884711,601212-1551
SE8902IZTK78997933116030,601212-1551
SE8902HIDK89051118545185,841203-0994
SE8902AQSD69653171337159,841203-0994
SE8902KJCQ70293334969600,981118-4556
SE8902USWM75960195630724,810429-3249
SE8902QOCL10314177175172,810429-3249
SE8902ADUP42656009488269,810429-3249
SE8902ZNXF37359255801506,810429-3249
SE8902HVJU59280905617832,660510-2315
SE8902FTFH30353856634469,660510-2315
SE8902SARX23297475568684,950321-1055
SE8902TZPA40303132128117,950321-1055
SE8902BRZY58744743598269,950321-1055
SE8902ZFPB43514179563467,650307-4798
SE8902KQCR38268845232382,650307-4798
SE8902JUTD53749123383746,470901-6937
SE8902TIKJ28529081186459,470901-6937
SE8902TYLT40345582138055,470901-6937
SE8902EXFS28783702929778,431018-4967
SE8902UDED11242220219330,431018-4967
SE8902SEOH55592315458862,350703-1247
SE8902GBSA48628244980908,681014-8830
SE8902IRSN48363289687931,681014-8830
SE8902RMMF57658230023950,611003-9614
SE8902AQYT55466061009593,450813-2893
SE8902UOZP06381145500232,060816-6617
SE8902PUJC65150069126684,030406-2698
SE8902RWEK30581396134761,791104-3433
SE8902MBLN98698078214773,720703-0235
SE8902PBTW03036587338892,001008-4424
SE8902UQVG98865511733208,711002-8938
SE8902RRZA54949356708764,711002-8938
SE8902SEMQ78628367515041,711002-8938
SE8902DKHK20712159547418,490401-2814
SE8902JDBK78801050964059,490401-2814
SE8902NWRQ91553124445897,800113-0551
SE8902BGXZ28785412485874,800113-0551
SE8902YYCO88509625192877,380728-9636
SE8902VVEC09411675567086,380728-9636
SE8902CZZV03210142886950,380728-9636
SE8902YXGG21330540090917,380728-9636
SE8902IGPV25805639452120,640505-2280
SE8902LEBQ34484824716381,700418-2494
SE8902ERNA19462716907689,700418-2494
SE8902GDTQ04266575650099,550107-8744
SE8902SOYR59886329051324,550107-8744
SE8902RDRK72349443062642,550111-5207
SE8902ANHE69104787829780,970215-6895
SE8902XBCE58002966066846,970215-6895
SE8902ZXBA03536655506503,960815-3269
SE8902DIRT22306886920827,960815-3269
SE8902AQJO89998864993452,620310-8177
SE8902OBJM92001280950136,591006-9508
SE8902CFYX41825097298021,591006-9508
SE8902NKQD67441527476901,950327-5845
SE8902SXSR79368601524962,950327-5845
SE8902TZRI36556189865002,490627-6623
SE8902QAJL37790123676980,490627-6623
SE8902QDXU96051978299389,891101-6742
SE8902MIXK52256048746462,891101-6742
SE8902IJSQ03004559813496,471021-0214
SE8902ZIYZ32091394621221,661101-9396
SE8902IMBV21782603473256,020115-4580
SE8902ILYV54908324507359,020115-4580
SE8902CARJ80795349413197,570201-8119
SE8902NFSW96446848690649,701027-7676
SE8902VISV26606115246910,701027-7676
SE8902SWFR35893590471977,431104-1976
SE8902TXKQ54669002424154,431104-1976
SE8902CMID66051462454520,050411-1055
SE8902AVLH25460864385567,540924-8092
SE8902OABV60015877716559,540924-8092
SE8902NVOQ64983229159879,600218-4395
SE8902HKIS28140752808933,511202-6207
SE8902ARGK95467948326629,511202-6207
SE8902GXXP17738713863102,511202-6207
SE8902AFBJ57409290452225,511202-6207
SE8902APSD78213305556232,850513-2269
SE8902BTEZ26557538989061,850513-2269
SE8902HKMO05656230964346,630602-1095
SE8902MBFA83036715543859,040821-0698
SE8902MVZJ65066103207787,040821-0698
SE8902OUWA68031360560819,360720-5543
SE8902TGNG49291158971768,360720-5543
SE8902QXAY86380659658844,360720-5543
SE8902SEZT63377163386089,360720-5543
SE8902VTPB36927643178790,440302-5705
SE8902UUAN85177253203395,050703-6168
SE8902WINX09497163385736,050703-6168
SE8902BYTT19342387644139,940204-9481
SE8902YIDX90394480287854,940204-9481
SE8902BUUS78555061869317,940204-9481
SE8902PHGG50254037368588,040107-6179
SE8902XXJI39688202210645,400320-9493
SE8902UWDI14934079968893,780323-6244
SE8902EHIU22854289360535,450329-2510
SE8902HDTF05785812830234,450329-2510
SE8902VLNO38011298936062,450329-2510
SE8902CLZK45975411829671,450329-2510
SE8902BAIR01152250764262,740714-9694
SE8902IUFL37182741392510,740714-9694
SE8902PDHO00757001156563,740714-9694
SE8902BIKJ22071123794483,560804-3922
SE8902JFSE30297297014159,560804-3922
SE8902VKKZ33314704720446,981230-5465
SE8902CAWA90390066376868,981230-5465
SE8902UBQE57340544592430,910907-4386
SE8902DRTY95171710679269,910907-4386
SE8902JCWH51689434156597,890314-8347
SE8902VRSA79472131764908,890314-8347
SE8902RCRI11210536987906,890314-8347
SE8902GEMZ32337979772633,890314-8347
SE8902EQIU70416981548888,900221-7785
SE8902HWXX85289392239144,900221-7785
SE8902HOAR76753582651027,900221-7785
SE8902DUAG90847567672926,350920-5922
SE8902WDFV26201172115898,740605-1701
SE8902NEQA68423861035819,061127-9555
SE8902DVZT76098361177729,550503-6094
SE8902CTOL66130177783961,771007-2328
SE8902TLVN08996057650298,771007-2328
SE8902FOBQ79093635241485,860920-9096
SE8902FMHL21633471300221,551109-9953
SE8902BUSQ14594293563574,551109-9953
SE8902FPPL01400439617541,551109-9953
SE8902DDYK91448562107456,520517-0052
SE8902YIBT95563251387197,520517-0052
SE8902JXTL34743461408532,480921-9555
SE8902QUVK34053196832367,480921-9555
SE8902CROF85183628265404,630219-9457
SE8902GFDB55209282464695,921012-0359
SE8902YWMN86299474959364,921012-0359
SE8902CEVD52560843591938,930809-7303
SE8902EPPP11876302793967,010509-0286
SE8902IAMU23934107119714,500329-4336
SE8902NIXR76217177532936,500329-4336
SE8902IBML71805915030739,861223-6326
SE8902KPIZ03782010582028,861223-6326
SE8902LZNY98515870876437,041219-0407
SE8902ADJW88181481814442,041219-0407
SE8902GJGO81998026653225,820602-8097
SE8902LSMF61649784464385,761101-0625
SE8902BLTU23615299674283,761101-0625
SE8902YOSZ97253800265776,761101-0625
SE8902GUNZ66077737211893,530806-4194
SE8902ZMTT64634848144751,470703-9972
SE8902BVXX65136241270086,561014-8875
SE8902JJMT50451734303855,561014-8875
SE8902HAJN05420370500968,920502-8963
SE8902DKEI24538903367547,920502-8963
SE8902UBZY42420742654613,550608-6650
SE8902UIGL63256138594433,870122-3813
SE8902SLEK14821816941222,591024-3814
SE8902LRAP01135571962907,591024-3814
SE8902WQNH22089611973896,591024-3814
SE8902IKDV65851419590384,401212-3586
SE8902IYGT10805667419165,401212-3586
SE8902PZXC28271888927329,560920-8375
SE8902ITJX66553943593787,691019-7521
SE8902YAAI12129793257807,691019-7521
SE8902NVQD71265390083232,830712-1833
SE8902XTAF09702929973737,830712-1833
SE8902UTCN43899863766689,790911-2018
SE8902SHWL66579301942519,931011-3338
SE8902VSZE62906257232186,381027-0102
SE8902CASK39265821879684,490622-2668
SE8902IYMB27114409415276,490622-2668
SE8902XIVG18316797897983,850524-3777
SE8902MJKW35393419370907,370609-7262
SE8902MXSC42813742323692,370609-7262
SE8902ZKAB71929181349934,370609-7262
SE8902NCMQ86104783306224,051103-0785
SE8902IGAA89058882266736,770104-2256
SE8902TUHP45975930667327,841219-8064
SE8902NWBT84155532113390,740215-4509
SE8902AZWF75975565916273,710426-4408
SE8902STOV95749162393764,941021-9134
SE8902CNUD07189979630401,560427-5619
SE8902TRHO02165627205546,891010-9514
SE8902BUOA18534669231152,891010-9514
SE8902ZBNR16522841321077,891010-9514
SE8902LPQL92553232101892,430330-8755
SE8902FKGP51300951110508,430330-8755
SE8902SBRK56893903746862,430330-8755
SE8902LURP58606872920450,490807-5015
SE8902THRJ34175037611129,601211-4945
SE8902PVOO15104016312310,601211-4945
SE8902DCPW48289275323674,601211-4945
SE8902VWUF23468673116838,561214-5523
SE8902XPGP64746722412276,381209-0904
SE8902DGQN19511874636720,381209-0904
SE8902NSCK48583902247407,381209-0904
SE8902TAGP05696623043766,471003-6650
SE8902PHWM15896816381763,471003-6650
SE8902ZDKY31012668904698,031222-6376
SE8902HHTW03964446259862,031222-6376
SE8902LVSV80931232568079,720829-9201
SE8902HHCT88020226609954,720829-9201
SE8902OPJP99340886991741,720829-9201
SE8902FCQC45454489492127,871211-8242
SE8902EMJS86372991847242,871211-8242
SE8902PBAJ35184358238612,440416-6722
SE8902TJBY61470456909170,440416-6722
SE8902BKLE50346716165278,631203-4116
SE8902UJMZ79242324287202,631203-4116
SE8902DHYM88033878427043,580426-9727
SE8902TJTV07417638590234,620425-9557
SE8902ZWUQ80611398466416,620425-9557
SE8902NEPI95848076786352,620425-9557
SE8902VHUN70101140465022,541122-7829
SE8902OITA14634617944010,560311-3571
SE8902HGJI94812001566085,741220-8048
SE8902YLKU32227128491828,440214-0406
SE8902YNGA29934414820953,510226-2606
SE8902TAHT06914345447156,381003-3823
SE8902KGDQ60579512001596,630118-5713
SE8902RQOR29026101545160,920701-6669
SE8902EZKH53128082063957,710226-5480
SE8902ZYLN23396197039191,850430-9793
SE8902XWVR64729918365263,770714-4973
SE8902CIMK67512098166572,560222-0732
SE8902FCEU41145562552939,840223-0422
SE8902TGRY08320925103936,840223-0422
SE8902LBEJ82420799986072,840223-0422
SE8902YMXS32105990652444,781004-9135
SE8902ONRC14427291149006,480820-8468
SE8902DMOY69810883419522,451004-0902
SE8902XSCG01550337953157,390305-5873
SE8902TIZR68347778757471,390305-5873
SE8902WNWL93082435989385,570925-4246
SE8902ORUJ49015937608362,750520-8988
SE8902CPIS18550455661381,660323-2783
SE8902TRFZ84125280650981,880717-6352
SE8902MUUZ43000365207938,610228-6587
SE8902QAUK57794442680583,610228-6587
SE8902XTZK39913064351199,680516-0394
SE8902BIAU90313372445465,680516-0394
SE8902OLCS47824775776058,440902-7432
SE8902JZYF06547820263799,720503-4221
SE8902GOEZ24828264315434,591018-3481
SE8902AHXN75154513430499,040102-2975
SE8902AIJO89702227296387,040102-2975
SE8902NEXY57412770301700,040102-2975
SE8902FCFV09687035047874,760822-3298
SE8902KCPY87115608421695,851103-4939
SE8902ZULJ12090657403842,851103-4939
SE8902IOSH72112913547339,580817-5383
SE8902WCRZ14785108361870,580817-5383
SE8902SRXH84953725796179,580817-5383
SE8902HKBI84934785348509,580817-5383
SE8902VTUP47297286356491,480114-5063
SE8902ESFB28538139368426,980627-8330
SE8902RBCK97946450120118,980627-8330
SE8902ADJS67737322542558,530719-5718
SE8902YIRB82459457810481,871027-0995
SE8902XXVD80028114418790,850913-5904
SE8902ZSJW29392145750717,850913-5904
SE8902APWS33564004625903,731008-6017
SE8902OKKV42645750279691,731008-6017
SE8902FIBP50256283410228,731008-6017
SE8902KRPD58171276583171,731008-6017
SE8902OBXZ56346380224186,531117-5854
SE8902OPUQ36707710042361,690102-2837
SE8902UJDY44233553689080,380323-6516
SE8902AHEZ55771315117369,380323-6516
SE8902DRLW66965762909337,380323-6516
SE8902VOXQ48859875067355,980604-7990
SE8902LZQY92721481049992,830603-5943
SE8902IVUK70685762740591,830603-5943
SE8902GPEX80518454024672,961124-1606
SE8902JOBE69136994958553,961124-1606
SE8902MLOB78786110729072,961124-1606
SE8902VNXY53570139577836,981116-2669
SE8902FJJE75414753122928,981116-2669
SE8902ONRA48891921866606,590109-1248
SE8902IADF98077782900234,650925-0962
SE8902KSPX69896925390721,741021-5953
SE8902KVVI97729921023785,550113-7516
SE8902WWFI52062833756214,550113-7516
SE8902VWWD02650237880124,550113-7516
SE8902SDKA82949389178098,530918-1211
SE8902XDLP91559799357994,621008-1649
SE8902OOXR52639706232687,621008-1649
SE8902XOUM01449555974382,730620-1356
SE8902JQNZ90865793659671,730620-1356
SE8902YSQJ08254526995556,960302-3178
SE8902LLDI67219628696469,960302-3178
SE8902FGVT78270418758930,380202-3196
SE8902GCAM50139873832687,380202-3196
SE8902FJRZ14744000547809,721108-5993
SE8902LPFD37955850241119,960415-0962
SE8902NYAZ48924591107358,960604-5384
SE8902SSPJ00701476972617,960109-0682
SE8902PAUD14800167956656,590605-8127
SE8902HUSH51303338766095,060725-4562
SE8902RZSQ95960445465287,650722-9190
SE8902QVNF12747288122281,891228-1949
SE8902WNCI10087315743133,980410-2961
SE8902VUKN59185275431431,980410-2961
SE8902TZPP25953879912562,980410-2961
SE8902RZTB83071724124671,850825-9796
SE8902KJOF66901288434847,850825-9796
SE8902DXCQ82477858496825,571206-2362
SE8902KGZA81337359607414,571206-2362
SE8902JILG84948498838779,571206-2362
SE8902ZONH73207611245633,360810-6724
SE8902PVKW44410885827912,351209-0758
SE8902GWVM62767929461194,001222-5074
SE8902VZIC84190990824786,001222-5074
SE8902FZSE04507369196975,850504-6402
SE8902AHEK16327695149432,850504-6402
SE8902HHYH75290662440061,950406-8751
SE8902PZCA54916652714719,950406-8751
SE8902ZEFG02654072612379,941216-9394
SE8902KECX77454952878335,941216-9394
SE8902PHBP23745285759120,941216-9394
SE8902UEXU77157980119965,820612-6826
SE8902PNDT46225493958789,820612-6826
SE8902YSFJ49641407660452,820612-6826
SE8902CGGN44982096405890,630903-2362
SE8902VNVB26444807190551,630903-2362
SE8902FQRK02607941091284,781020-8921
SE8902XNNG22633901157104,781020-8921
SE8902UYST13141852485912,781020-8921
SE8902AXJS46097747161697,481105-9429
SE8902LKFN92509719749146,481105-9429
SE8902PPWW98772860378706,930909-4788
SE8902KGKW94418589533102,930909-4788
SE8902NDNF66999896167036,680614-2714
SE8902CRSS40381676939810,500206-8012
SE8902IJXT82994168359885,500206-8012
SE8902EIVL83005400001223,050423-5748
SE8902PZCA35121401839568,050423-5748
SE8902ZKWI27970311269453,521109-8503
SE8902NTNP14578431863584,521109-8503
SE8902ZXNT43964170095616,521109-8503
SE8902PMGE79875782306269,521109-8503
SE8902ZLSU38152589670591,650310-2326
SE8902HONR88805902495744,650310-2326
SE8902URPK98604539614332,050518-7609
SE8902VVHD02124428119755,930313-2816
SE8902RADR87006342899524,930313-2816
SE8902OYJT34170407089732,930313-2816
SE8902PJWK44681020687650,590628-0481
SE8902FIYI65713456085419,590628-0481
SE8902DTEK22648718248964,001124-8465
SE8902FICR14070523465802,060209-9418
SE8902PXIA25659169563589,060209-9418
SE8902VHSV79689453378952,380112-2023
SE8902MPBO43811251290635,380112-2023
SE8902MYQL34957281599288,380112-2023
SE8902VNHD54512853285972,650727-1655
SE8902KEKK45865323405335,650727-1655
SE8902UYJX99302103272039,901021-7504
SE8902KDSG83463231121147,440206-7419
SE8902SIBQ50255597675436,440206-7419
SE8902BMKH85223506006202,990901-3741
SE8902EZTC75119444974184,990901-3741
SE8902CKGN30870859139458,841027-4875
SE8902WOOQ92936756940323,841027-4875
SE8902BPIH50545754424014,051122-1905
SE8902BUFK96017750284452,051122-1905
SE8902YRET73295289384684,051122-1905
SE8902HFHU31704470752933,050505-9402
SE8902WYZH34225739755531,860718-1511
SE8902OGWJ63648618729293,971214-0574
SE8902VGPJ13283714502732,971214-0574
SE8902HNEX22691384731427,900502-3974
SE8902GTCY42439402519574,900502-3974
SE8902DFKR38338296804804,391120-5965
SE8902ZKDX10421013051508,750410-5359
SE8902TEDR45835438693366,810830-5791
SE8902MYAF41015004761281,370512-6294
SE8902PVXY58023203281779,370512-6294
SE8902PYFF43584356710088,450406-4793
SE8902IRFB61133327098904,600428-5208
SE8902GVND24279884047603,600428-5208
SE8902GPFA36799720094528,641211-2184
SE8902ELZB18739033043345,641211-2184
SE8902OBCC22148300299730,641211-2184
SE8902KQRN41891711634501,991102-1559
SE8902TXBS45532244433160,991102-1559
SE8902PZQX69639639708835,470505-6606
SE8902LABO06656289958645,030826-0629
SE8902NWKO97194135840750,971224-8153
SE8902YNTC12900038333806,630829-2041
SE8902MDNZ07631736710862,630829-2041
SE8902IVOY96214540391916,630829-2041
SE8902SWVE72958035221697,401109-3913
SE8902SGIP19540925094856,401109-3913
SE8902JIYN03010915300655,740521-7188
SE8902WLVP30891623838570,030123-7368
SE8902SBJA55969190091622,011221-6668
SE8902ORYE96835562318363,011221-6668
SE8902BXXL03349007588184,370621-5740
SE8902RJTH18457848498362,640828-1761
SE8902SWUO93445136998779,970923-3457
SE8902BJJW80700710146306,640809-0972
SE8902GUSC80195518315292,700912-3162
SE8902FIPA10724498284430,760927-9935
SE8902BGCD93558191440631,760927-9935
SE8902TTPM98746572032527,760927-9935
SE8902UKZH07614450394210,760927-9935
SE8902KSGF71738325166005,681019-3356
SE8902HPWL04362782422482,910303-8197
SE8902QGCC57365439848735,660611-5696
SE8902CYID75986933756307,660611-5696
SE8902CTTQ01840451140837,360726-8475
SE8902YLGY52629721861522,360726-8475
SE8902XPAJ65991927702309,711216-1208
SE8902WMJJ51991398288050,981029-2228
SE8902ZXAW60732336695039,780131-2534
SE8902MDNM47158749964475,780131-2534
SE8902WZLH99859802593290,780131-2534
SE8902ROGS73958838242756,640530-4145
SE8902IZSA05856911089420,710212-9421
SE8902DLWG41019668778673,710212-9421
SE8902QUOF98062212973582,710212-9421
SE8902RYKE86473925510810,990314-4005
SE8902JOFM02128807446388,990314-4005
SE8902DUTF93039768635289,990314-4005
SE8902DFTK58521301853667,930909-0083
SE8902OYPA21905833997575,670927-6692
SE8902CSUB76034349271801,670927-6692
SE8902QOCB42246763060437,670927-6692
SE8902QLJV52414595084983,711027-4136
SE8902OKMI49108778323152,711027-4136
SE8902YKYW41454254853013,711027-4136
SE8902KXZG04188160034505,360211-4864
SE8902IRXM76402046933447,760501-9566
SE8902ENIP08812598160608,660121-5905
SE8902MPNL50338015513966,750228-2010
SE8902VEAH30336103124143,881102-6601
SE8902NICP68801229126142,410509-5394
SE8902ASTC98288493218479,800113-8802
SE8902CESP64404653553503,800113-8802
SE8902MTMI06594570742956,670624-2580
SE8902HHIF82963758493406,790125-4735
SE8902ZQCP29856631445736,890126-4294
SE8902KRXX94302923264190,820814-2730
SE8902NCXM81961596971217,460425-2116
SE8902DODL93628976204056,460425-2116
SE8902XRJK40800627494760,460425-2116
SE8902LZUK24908560499564,721001-1362
SE8902JNXI63455067931159,861002-8584
SE8902UBCU90744779272095,861002-8584
SE8902PXQH61449282091685,801224-6826
SE8902XRXK08656402257731,801224-6826
SE8902WEKU43448348357274,930420-7039
SE8902LVXU45645431379058,930420-7039
SE8902HWJY31693118100265,930420-7039
SE8902CUPW43936580619697,930420-7039
SE8902TVVW36796985465424,820908-1754
SE8902SSFH90772655677771,820908-1754
SE8902AWSW06663692036271,820908-1754
SE8902NARF82423087494951,740130-9294
SE8902SXPW11925151476639,370430-1245
SE8902BMPQ91677548950599,990828-0408
SE8902MWDF84512259931131,990828-0408
SE8902UKGU22372539668767,680226-2789
SE8902MHLN19630671655118,880515-5291
SE8902LHFZ29797803618611,571108-1736
SE8902CSVI62856318176389,571108-1736
SE8902WDBD60546648364604,060421-6929
SE8902SWNN10932426317588,060421-6929
SE8902NHHE72558917992094,060421-6929
SE8902VCCV99038245497441,060421-6929
SE8902APGC43049266646070,860413-2715
SE8902CZTD12546658942322,550221-0403
SE8902APAY62987238625378,550221-0403
SE8902WAUN43737771587933,490201-1644
SE8902DPEB81005169704748,490201-1644
SE8902URHJ34985941724410,451019-9856
SE8902CVCL15370228725883,451019-9856
SE8902OEOS78313478602616,900917-3072
SE8902AJWV32643872763055,950429-5172
SE8902QSRT54181564209384,710405-8669
SE8902DLDV82611237215432,411202-7844
SE8902OFUZ18084827922281,411202-7844
SE8902HJVZ84217032960804,921225-4370
SE8902EWFT80524424320740,921225-4370
SE8902PKTE67668470216032,500101-4595
SE8902WEHA49020802174052,500101-4595
SE8902IHIQ01435132647594,610526-1124
SE8902IBVV34128276013571,610526-1124
SE8902YHAA89862840296588,550705-4368
SE8902WCAS00095564677686,550705-4368
SE8902SLFF12042336980310,550705-4368
SE8902UYYP95543648799468,440311-2644
SE8902MGEE43594824630478,440311-2644
SE8902ABCI09083135852362,390908-3481
SE8902ZRLY01940686977078,351122-2345
SE8902IRYW06007116098969,570430-7023
SE8902FJRZ84678984239789,491020-7085
SE8902YIGN27857962046337,491020-7085
SE8902OZFC33666152893075,491020-7085
SE8902OIHB27056213134088,491020-7085
SE8902WTAC98505915580906,590515-7490
SE8902OOAX91747135211556,521204-1494
SE8902QAZG09127767648191,740504-1679
SE8902MSYM87908445878247,540906-8664
SE8902EYMA71424100155624,540906-8664
SE8902BLES31607704362507,790626-1164
SE8902BOUY59686528226898,790626-1164
SE8902BSSA60062094533254,790626-1164
SE8902DSQM48924442124429,920825-3444
SE8902JYGS54214996159876,920825-3444
SE8902BYQJ37348110142026,920825-3444
SE8902ALDV54212317929105,971129-8167
SE8902KXIU12156687445452,970622-9151
SE8902DCOL79443022999607,450814-7529
SE8902WDKF51923308180325,570303-8983
SE8902VIKA99543892665225,970611-0088
SE8902XASW23908035149090,970611-0088
SE8902LOMD27700424580738,980125-3346
SE8902FVGG87573402757274,980125-3346
SE8902TJHH19935980929357,921120-3188
SE8902NVEJ65099549553660,921120-3188
SE8902JZHV12697549891051,880427-9779
SE8902ZLVI45179367688001,060113-7854
SE8902XWWW09616108807673,060113-7854
SE8902BRVY69326643951697,060113-7854
SE8902MSKE80853252217521,060113-7854
SE8902SUWJ79265934405849,060113-7854
SE8902HMRC51048208656533,380518-6412
SE8902VQJB24905491378975,790403-8986
SE8902GBVS77049275938256,060102-5166
SE8902UDZX28475532786645,990703-1620
SE8902XMGO31169796156422,970408-6090
SE8902POFT31781505407261,531216-1515
SE8902CERX42574406023385,520626-3864
SE8902LQCY97132597903653,520626-3864
SE8902SXJH60642659203512,440810-3366
SE8902UDDT61255542548403,440810-3366
SE8902LPEN96181569053804,440810-3366
SE8902RMSO47297381276093,700501-1981
SE8902QORV15540178275192,700501-1981
SE8902YPZC65801887436716,520425-7512
SE8902CUOE57010683673827,520425-7512
SE8902YYYI66992869104128,531223-6358
SE8902YJXB64895950552752,911213-6602
SE8902VOSW39976751520748,911213-6602
SE8902FZXA39432781655146,690921-9823
SE8902AGKG56449067223821,680824-6117
SE8902DZHP61637560790239,680824-6117
SE8902RZFP78915425211808,680824-6117
SE8902JGET69909203043484,980217-7437
SE8902QDZY71565646096031,620701-4371
SE8902PHZM16349003541849,620411-4224
SE8902ZOOA52650168897969,620411-4224
SE8902PDGJ32018551228361,620411-4224
SE8902LCJQ73532447224180,770403-5174
SE8902MCXU75559151329539,050912-9367
SE8902LRII41141175631962,560712-8013
SE8902XCIT83626304015289,950322-4348
SE8902KXQX53312988480606,950322-4348
SE8902OUPU84316403774629,470803-0228
SE8902ZNZJ14740429409132,421107-8235
SE8902MRUT53775599153424,421107-8235
SE8902JDUG38430484947972,421107-8235
SE8902FSHP10260673043058,710308-8840
SE8902RXEO54698137995629,710308-8840
SE8902ODMT77538431211070,921123-4415
SE8902PBIN91837741717535,921123-4415
SE8902AJBK46731097300127,621218-9465
SE8902PEON36946466714039,621218-9465
SE8902IBRL73514393853709,061202-3424
SE8902NCAV32496000862158,061202-3424
SE8902WUQY51836384824862,460807-7857
SE8902OSGI33975637174014,460807-7857
SE8902JQLI89762328252714,720904-0596
SE8902YOEQ24302821558052,720904-0596
SE8902NNPV87542051467826,720904-0596
SE8902GJDA67738305986789,030511-6303
SE8902WGYQ69186751021705,640815-5569
SE8902ZMJW13591262733635,910321-0796
SE8902VTHV28702716510201,910321-0796
SE8902DCMN11330059075548,461126-7594
SE8902VXCN92555967023068,760114-0374
SE8902KUEA52312991740375,380310-0910
SE8902PSDU01157140348454,000314-7410
SE8902VVYX01959227879602,690716-0946
SE8902IZTD49242406990957,831021-0300
SE8902EMWA07310860593299,831021-0300
SE8902OQXJ58281922012233,831021-0300
SE8902GGKR42392585018307,460829-8503
SE8902GTLW57183159704787,780816-3187
SE8902VWAD86682394986970,370130-6767
SE8902APIU03455131132898,370130-6767
SE8902XTUF07459707305027,550831-1700
SE8902EFHS85453059184413,610425-7636
SE8902STNU52506311905850,610425-7636
SE8902KYVM99796065752709,550731-1461
SE8902MKLH18090696396549,650927-0093
SE8902FALO12592929038007,010821-2200
SE8902PVCP67531685807244,781214-7663
SE8902GRWZ34379604879742,781214-7663
SE8902HVPT46962947592889,781214-7663
SE8902DAAY53560395643258,410929-0959
SE8902BGEC34321233292210,790212-5132
SE8902ZQQU11090079359230,530507-1002
SE8902GTSI58472323675409,521111-0225
SE8902IRAV26677525304054,521111-0225
SE8902IOMT49938428710447,810606-4010
SE8902WFYM22431253974291,810606-4010
SE8902OAXX40358043905095,940117-7861
SE8902RZBJ59535588376954,940117-7861
SE8902IPZG65724433104559,940117-7861
SE8902FVVV61614688034328,381020-9027
SE8902SMVS26727409745066,410527-0252
SE8902MXYQ14304426612222,410527-0252
SE8902HPFQ34725635471792,410527-0252
SE8902VGVU47553893715270,410527-0252
SE8902OPYN00691430716758,631221-0229
SE8902EPWK73250364544965,400118-5901
SE8902IDSK51225196610969,400118-5901
SE8902OGIV86383792142837,391117-9285
SE8902QZEZ52320024971424,391117-9285
SE8902DWZI85436013187521,981215-7254
SE8902UJGR36411837401781,981215-7254
SE8902VAPD72818464374400,981215-7254
SE8902VEIB72029945509184,981215-7254
SE8902CHSI75448480838708,981215-7254
SE8902XPHQ15953762308017,960709-2138
SE8902VBHN50052224387585,960709-2138
SE8902URSS59260219235990,480306-8115
SE8902IQRO13056391101908,940125-0585
SE8902GXLB05514229654020,410710-9094
SE8902KWAF90270853352878,410710-9094
SE8902MLNA56994057710583,410710-9094
SE8902JIJC96071565969922,410710-9094
SE8902BWXT39949824641151,970509-1354
SE8902TKNC87869236455689,970509-1354
SE8902PSRJ65756431691707,970509-1354
SE8902SILE68578227700598,460430-5393
SE8902UTKP18439002370878,460430-5393
SE8902HQID54921038055598,460430-5393
SE8902CMWE25531271390672,050129-1702
SE8902ZWKL91581622045409,650907-0865
SE8902NHEC01255630352421,650907-0865
SE8902HRZI51889347255465,970320-1955
SE8902AVQC54172602808950,970320-1955
SE8902YHDH55973704252760,390120-3251
SE8902BABM26306156053804,390120-3251
SE8902UNAU13611272599268,390120-3251
SE8902ZJVA11817265425330,870510-7632
SE8902JFQL02168511886094,890713-4053
SE8902COVG23577172278709,890713-4053
SE8902HWHC81157429988113,890713-4053
SE8902IDYW61560887680926,410316-8359
SE8902VBXW33852287376238,540225-7553
SE8902TTDD62882365317340,020819-5933
SE8902JDLY63782567946635,000112-4718
SE8902PKJC56529381306922,000112-4718
SE8902PLTU47854504283727,860806-5499
SE8902QBPI92232356394837,551226-2535
SE8902NPMZ64718534936104,551226-2535
SE8902ERJA13877835143324,960812-8352
SE8902OKVE09579666832306,491206-5150
SE8902BPMW61406251979814,920430-0215
SE8902YLGE04073464233597,920430-0215
SE8902TCZL47145018856917,590612-4861
SE8902ZNRZ32368916134263,680414-8994
SE8902WSHS28438837480311,680414-8994
SE8902NDNE36671961231780,850328-3593
SE8902OLFT37200388827050,680912-5039
SE8902JQHT00463203687003,680912-5039
SE8902IIVG09252145366202,680912-5039
SE8902EYGF77551822415743,380518-3252
SE8902LVSQ11356198112962,000615-6756
SE8902YVWX44120455116841,690811-8372
SE8902DQWP79606697709694,690811-8372
SE8902XXCG81260198384509,690811-8372
SE8902UTYY22254486734176,040605-9147
SE8902UPQN50233742051449,970114-2821
SE8902EWZR85142291879165,950821-8626
SE8902KLMT84633622382072,000807-9626
SE8902DBWG37143242474670,000807-9626
SE8902MTEW80340871788369,411210-1656
SE8902WSLA24954889786348,411210-1656
SE8902VJHZ33855900402507,411210-1656
SE8902DZEM65843874009450,511005-5604
SE8902GFAS09862022036004,030603-7102
SE8902IWLJ80369151603079,030603-7102
SE8902AORR62231578413137,980203-2699
SE8902UOQA63786044169527,980203-2699
SE8902TJBO76009734317061,661104-6993
SE8902KIDF78947091109600,661104-6993
SE8902FUJI48043244293392,890522-1597
SE8902QPHE36884244476446,890522-1597
SE8902RQLR53927445231063,761115-2401
SE8902VATX29635590400151,930408-3224
SE8902MMZN38846965231738,490201-7484
SE8902DAYC14364335693782,700606-8501
SE8902FALW17606613401607,700606-8501
SE8902WZEL99650586037049,020207-5792
SE8902DRZG97085120488113,430330-6577
SE8902QJSX02120298481356,430330-6577
SE8902IMEB42197421849807,430330-6577
SE8902JXJJ56306612147768,410918-5795
SE8902AZMF62874749728667,410918-5795
SE8902TRVE47135720140849,750529-8526
SE8902KNBO14478747094323,630412-3000
SE8902PQTU50864263302777,630412-3000
SE8902YUYG10929263320035,031129-0464
SE8902LUTP25647153659821,031129-0464
SE8902ZDMU73833226690524,560511-1326
SE8902LFPB25372838213647,560511-1326
SE8902MJPO40977388006286,801116-3071
SE8902PLXR29095818137187,980130-3422
SE8902QIQI47434237190569,980130-3422
SE8902CRWQ10550122839130,980122-7878
SE8902PVRO74801343887399,610329-4028
SE8902KPIO16227949467449,540220-9521
SE8902OZOM23207181936410,901208-9356
SE8902NVPZ06971021222436,901208-9356
SE8902KLVA35234334264887,901208-9356
SE8902SNNM24012074185591,901104-3719
SE8902DRXY50176432565193,841210-2173
SE8902YMVD57211621327275,030417-5920
SE8902WRRU80784544437204,030417-5920
SE8902GAFL88123638280516,840921-6200
SE8902JPPD16064860435781,810113-7506
SE8902FSHA42297476809642,521117-6978
SE8902LWGY12400441776877,521117-6978
SE8902OYBW39299291170957,891106-8834
SE8902IJUF89235594362096,891101-6767
SE8902DPTT93032573974424,891101-6767
SE8902WJJF53894909945600,441112-0035
SE8902NZPO70353430427963,640113-3456
SE8902IMDH11855815032434,640113-3456
SE8902UITH42469834496346,640113-3456
SE8902QPGW46075376024266,990215-7727
SE8902LKXQ69920608322446,680723-0690
SE8902PCFD04141042982858,430815-3222
SE8902FAAO97542766702624,981103-6731
SE8902ONZU44479921442383,981103-6731
SE8902POYE56306553396402,860309-0559
SE8902IEHG40560196591529,900316-6783
SE8902BUFN52320844378385,620626-8408
SE8902VDAM04395711962652,671203-2561
SE8902EJLS77341060789288,431218-4601
SE8902POUN96279557917869,431218-4601
SE8902VYBF24172056441453,431218-4601
SE8902KKUH06675943754803,431218-4601
SE8902DSLW17149818922650,951215-6036
SE8902MQKC26955141529313,951215-6036
SE8902XNEE54146257506129,951215-6036
SE8902BXJC93392072105707,930323-2665
SE8902MZQD36471607948390,450531-4726
SE8902ZXBS27847759587560,450531-4726
SE8902CGGR69488718084568,450531-4726
SE8902LJOL22570334014589,450531-4726
SE8902PGCD42349227810447,050501-4027
SE8902NUWT16017828621340,521207-7944
SE8902EPQO36893099676290,050608-5364
SE8902MERM08934535145689,490129-6196
SE8902DCRG03419581347172,490129-6196
SE8902JWPZ44810854846338,750324-2856
SE8902KEUK66106098793775,540522-6134
SE8902WQDY35666811304216,540522-6134
SE8902IFAT25470340151750,540522-6134
SE8902CKLN78195298715336,460425-7487
SE8902OBIX76276487885565,950407-8487
SE8902VTXY24068790036789,910519-4634
SE8902EQDP30307774877765,960825-5072
SE8902YOEW30639718787528,960825-5072
SE8902CKBV64663475183727,960825-5072
SE8902WRAH16184147348462,910827-2437
SE8902BADP38378986803145,910827-2437
SE8902MEJF62740560811988,841022-4763
SE8902KQTT53706765844553,760413-8730
SE8902IGKY05275707479128,760413-8730
SE8902JXNJ08943900596647,981014-7646
SE8902ZJLO95363862694613,681010-5228
SE8902VJEF22408425695352,681010-5228
SE8902QRLT89568280421783,711020-3960
SE8902QLUT99208994499946,711020-3960
SE8902RCJB06422384154874,791118-2462
SE8902UYWH41914146129072,400328-6996
SE8902EBWI20739935052200,510617-0615
SE8902UUHR56831431647978,640413-8023
SE8902EQYQ41081582080415,640413-8023
SE8902SABF96781999798332,710524-0449
SE8902MOYL96215082468431,031014-0330
SE8902KSPR66432840199154,031014-0330
SE8902JWGD74194436561021,480629-0807
SE8902OQZB62959452894569,530404-5650
SE8902NSZV23305609626569,880504-5534
SE8902LDPN73303918695424,880504-5534
SE8902EQCK63728076800609,630813-9200
SE8902WSOG82520529247442,630813-9200
SE8902SRLL43477163490964,630813-9200
SE8902XCHA19919213751955,770314-1197
SE8902KXMK45343849770312,770314-1197
SE8902MDRR93436036363613,770314-1197
SE8902SVNA09488395571575,570307-0606
SE8902SSZA54290319483676,990826-3057
SE8902OEJT81666216962345,000722-4124
SE8902ZVTV98812993474647,000722-4124
SE8902NBPA53790596412090,000722-4124
SE8902VROD28357188719403,561012-3878
SE8902OARH91598307982968,050719-3324
SE8902RLHG01713064216795,460405-5261
SE8902RMGJ56941789044857,460405-5261
SE8902ZKUQ38316655030762,460405-5261
SE8902IAZC69283036911026,510326-2258
SE8902FEOU83301563734443,510326-2258
SE8902YQXU56366715188424,651011-9842
SE8902EEKT76326536417923,651011-9842
SE8902KZIO19030755409685,651011-9842
SE8902KLES25420753966546,700610-4371
SE8902HRWG83554443123395,700610-4371
SE8902YSVI54424221824629,751014-2008
SE8902MCFO49095808464569,980717-2268
SE8902EJVD58777899114942,621205-8827
SE8902CODF26383416794081,621205-8827
SE8902VRCK66669606024532,621205-8827
SE8902MCEV93618355713025,991126-8184
SE8902BTSC01483794930785,991126-8184
SE8902VXXB63484309612552,500128-9916
SE8902UFZY41218181108055,500128-9916
SE8902IDIO78110702344946,500128-9916
SE8902WMGQ92121042977797,500128-9916
SE8902FVFT61557043346714,501213-8391
SE8902RNLY55461931214075,501213-8391
SE8902CFVM08634732646774,420602-4558
SE8902EJYN15169896233918,420602-4558
SE8902SICI51731283266081,420602-4558
SE8902PUFG51102457949170,950329-4267
SE8902REPT13055923984909,701113-4041
SE8902CFEY43701881421531,701113-4041
SE8902KLRO16474013075873,020907-9359
SE8902AZOB63571733972059,930801-0736
SE8902YWYE88254254671994,891116-5697
SE8902ZGKY70073543360198,891116-5697
SE8902MQMR87651444736111,891116-5697
SE8902REOE84824920257605,680818-7006
SE8902GUBN02340962282734,680818-7006
SE8902IGPY15346785802644,731219-6335
SE8902TDHG03930597785173,410517-2805
SE8902ZVUC22763571961124,870926-1112
SE8902IOJE14304978072957,870926-1112
SE8902BFKJ67373461094245,361113-4648
SE8902ZJJI38537368499499,361113-4648
SE8902UZPG07009538779616,840407-4828
SE8902GWBV65006975861231,840407-4828
SE8902RFKG13034824351836,590323-8250
SE8902XNTB41827621868449,390508-4368
SE8902HHSO58247661775142,390508-4368
SE8902JYDD80497877012989,590618-9138
SE8902EBQG46394645816502,490730-0612
SE8902NPSO51568640255218,920221-3337
SE8902FEUM16554377486070,961003-4705
SE8902VBBU70773188294633,990316-2809
SE8902VZIJ18435178550619,511209-5483
SE8902RCMN64982980569854,040530-8834
SE8902RWQU01903466709841,070302-0982
SE8902EJAI99151957237924,521030-3250
SE8902XYRM52103884724966,030803-2572
SE8902FUMK63947148705760,850331-3853
SE8902FGVS05404234689422,850331-3853
SE8902OUYV90192199566077,740122-1705
SE8902SPLV55493875690484,740122-1705
SE8902LOKN91099936771965,740122-1705
SE8902EGUE04752445182497,850818-8110
SE8902QIDW01871973556269,941120-4879
SE8902WDJE85359881297343,011120-7973
SE8902JLFC48207582147190,621117-4120
SE8902DGOU52251724210139,621117-4120
SE8902KCJU30225323097413,600828-3746
SE8902UDAI89693707440786,570120-3019
SE8902LXEY88372509516456,570120-3019
SE8902XVJQ62588665096343,570120-3019
SE8902PEJL40222448009128,570120-3019
SE8902CWGG49250440286257,590912-5550
SE8902WZTY78877140572268,590912-5550
SE8902LACW59549122762926,451223-3471
SE8902OGIR23428207822800,451223-3471
SE8902FFCY95333401231837,671225-1187
SE8902BUUB70684057188314,671225-1187
SE8902TEZZ10595111121627,671225-1187
SE8902QXXL08650991961519,631111-4174
SE8902GQAD77323256759071,631111-4174
SE8902KMRD06713970744337,741011-0774
SE8902GGVM41036620748091,390309-7446
SE8902FOBI10005828618756,390309-7446
SE8902APMC92937900903172,631020-2814
SE8902HNSY33169866302829,850721-4495
SE8902RQNM94686024135916,850721-4495
SE8902TXSH82999507978837,990402-8397
SE8902RATJ14504736298199,990402-8397
SE8902WQDQ90710651633977,990402-8397
SE8902XNVC89027044051893,990402-8397
SE8902LNZG09887297010450,821220-2496
SE8902MJJU05220306140238,390220-2948
SE8902VPUM81969837191902,050329-2591
SE8902QBZS75980360092144,050329-2591
SE8902IRET80983872349375,021116-3951
SE8902RFND18240718616184,510203-9111
SE8902XNSP62301861969649,931224-0071
SE8902NOMU53996442028881,931224-0071
SE8902SNGW19711846882889,630615-2213
SE8902BLNY30650799297988,750512-8194
SE8902RCMP67198715313709,750512-8194
SE8902BCJH45677202414984,351214-1205
SE8902JOAA73203338391811,351214-1205
SE8902PTQI05277402468840,531114-5873
SE8902VCGO21843909614852,760604-4704
SE8902DDDT67161166312580,650728-3643
SE8902ASEU46374988626527,650728-3643
SE8902OUGZ49389646387563,791120-5644
SE8902XMSF03346539893576,670901-4283
SE8902GORN68994003453353,780805-2190
SE8902FCSV26977507325534,780805-2190
SE8902RXQC04091454093931,780805-2190
SE8902KWBD56921885506215,041209-4120
SE8902AUQD67157033620100,460704-8594
SE8902YPLL97549313922893,730624-4521
SE8902ATDH36917846037146,970816-9066
SE8902ECCJ86383227351359,970816-9066
SE8902GVHN92964423897611,970816-9066
SE8902PBJH90393502972632,530822-3378
SE8902TURO07496760761316,940413-2103
SE8902PYVE63223607468293,570719-8890
SE8902XXAF74151570423565,570719-8890
SE8902FQVQ38132937638029,490116-1465
SE8902HAYZ30931717835549,421117-8456
SE8902TCZM12187781824588,050405-2614
SE8902JUBX10521679094085,050405-2614
SE8902IASU37111569398010,390526-2642
SE8902FGIY23117081354016,390526-2642
SE8902KLNQ25617997709976,390526-2642
SE8902GYOU97729788286246,671006-6009
SE8902LGDS93932200371895,841214-1296
SE8902IXLN09147641003463,060925-9098
SE8902WQME16820619653293,060925-9098
SE8902KSGB25510595835295,060925-9098
SE8902NRAS31362495279847,880817-1568
SE8902ZKCR38556369708361,860106-4812
SE8902RBSV68895772780848,980111-2799
SE8902IKZC79179007095909,670116-8301
SE8902BNCT48612177889839,670116-8301
SE8902TDWF15245617438533,890624-2840
SE8902OSPT65036097285857,890624-2840
SE8902ANWR22887008474492,890624-2840
SE8902XJAN35723200835220,380917-9272
SE8902FCJT75375914520219,380917-9272
SE8902OZBM53448690509013,490510-1459
SE8902EUHG64782205847802,710111-6791
SE8902VPUI15502095985231,710111-6791
SE8902JFLG01724285840236,710111-6791
SE8902IDDI95912852862700,710111-6791
SE8902YCCU23582343543594,710111-6791
SE8902HADZ94831371615319,710111-6791
SE8902JVFU12272732120946,630729-3644
SE8902LYRU49405628277247,760406-5404
SE8902TTXT03943566438167,420430-8151
SE8902BTKI53390685216432,420430-8151
SE8902XBIN60287954526260,530921-2867
SE8902OGIL87909531470185,900621-8300
SE8902RWKL37240797745939,900621-8300
SE8902ZQQX91042131747326,900621-8300
SE8902XYVB77684435420465,670219-4314
SE8902WOTL92806947118912,470722-7825
SE8902KMMG56349206484127,480729-3370
SE8902DPEV86073624782716,400315-1315
SE8902WCUC03726382390092,651210-6565
SE8902FUAR93924916890637,891027-0126
SE8902XPHP30865499209335,360719-1347
SE8902XTMW65537920620819,360719-1347
SE8902QASC32307460643773,390528-0370
SE8902MEPG75869905095161,580424-2880
SE8902VWKO20169767635100,580424-2880
SE8902SVEX40095531093926,840419-0962
SE8902EKEC92166161424949,550907-9165
SE8902KMID87590796935719,550907-9165
SE8902LSEC82086405777991,530830-8732
SE8902ALFN61867186946491,560806-9745
SE8902AAEJ67825986403885,560806-9745
SE8902AZXE66883467511248,560806-9745
SE8902XARR24637715791113,761217-5484
SE8902AXSS75904959058026,801016-4898
SE8902NFJG83208273691327,801016-4898
SE8902PQTC99238321979954,751230-8458
SE8902LEVI44801863486814,751230-8458
SE8902YKLA01358484410445,010215-5330
SE8902EMIT82352727650511,010215-5330
SE8902OBNT50973876422839,010215-5330
SE8902SEYF48760878274175,360222-0778
SE8902OVTP75889092553957,410919-5562
SE8902FKHJ95461624405436,410919-5562
SE8902KCYM07724798345050,930823-9459
SE8902URSV28669190464010,930823-9459
SE8902AJRJ35802643947946,930823-9459
SE8902KJYB05100798381483,020829-7697
SE8902WYLP16417283310059,020829-7697
SE8902STXO91790409285299,020829-7697
SE8902ZKJC38755928645078,940521-7903
SE8902WOXH43586674611980,940521-7903
SE8902BWKM27720380863718,940521-7903
SE8902CNUK05592418774943,390106-8696
SE8902ZRRV53604198996393,390106-8696
SE8902SIKL89762687070372,390106-8696
SE8902IQDI59898249098467,661229-4360
SE8902HNLH30212836252481,661229-4360
SE8902MCRF20072685039505,481025-6307
SE8902FQLC01698765585803,481025-6307
SE8902RIDV47368265699473,450426-9301
SE8902LARY75915594710859,881125-6802
SE8902RYFQ25380828380867,881125-6802
SE8902YFVN11147137534118,620721-3304
SE8902VBSX39074781358158,620721-3304
SE8902YCMC97452355623638,620721-3304
SE8902WOBG56284432759181,500730-9544
SE8902GZKC59110904284187,410213-4998
SE8902HCFQ50732586147290,460604-4008
SE8902IWUZ21139031383602,921225-3513
SE8902DBZP90399205881070,921225-3513
SE8902BBDN08764843226603,810921-9520
SE8902TDNJ81183782154357,810921-9520
SE8902BPXN71817611233256,810921-9520
SE8902TKZA24932488770695,690715-3776
SE8902IGWD35040860470840,690715-3776
SE8902UNRA52610184151556,980723-0439
SE8902OEUK98732816702347,700316-2802
SE8902MPBO87772633723937,540618-7228
SE8902SVVA72606563438599,540618-7228
SE8902CTOV92367944039255,540618-7228
SE8902SCUS02208585217420,540618-7228
SE8902ONYK29813236113604,741111-0344
SE8902RNTE90201112878494,880919-9121
SE8902GSWE68166162519198,880919-9121
SE8902GYZA91851265600454,720527-0692
SE8902SJTM65462604716724,710304-5667
SE8902RPNT79114466986103,710304-5667
SE8902FPRI18674591891178,861208-3793
SE8902UXKG57479907330381,861208-3793
SE8902FWHV93976568931219,821203-1432
SE8902RMLX84077931088026,420716-3587
SE8902EDDF98370611345966,651218-8118
SE8902XMAM56827677889061,651218-8118
SE8902TMKE53720750940968,960712-5987
SE8902JHMA69643058655073,361103-9037
SE8902ZTNG40351896769345,660909-1084
SE8902ZJJF79585810673366,670319-8652
SE8902IWYC64669423845053,821214-2049
SE8902WNIP57815146708414,821214-2049
SE8902EZER13441070597944,821214-2049
SE8902PXCX96170096954134,611015-7465
SE8902LIKB41550652178852,611015-7465
SE8902GDTV65148682209789,570924-4312
SE8902SRDG63581614639448,060130-5568
SE8902XWOG93876385265449,051024-2373
SE8902SVTA51705365680131,051024-2373
SE8902JFUD24261264737631,030411-1388
SE8902TRFM79815586179217,030411-1388
SE8902EFNV74784664776562,030411-1388
SE8902RCRK00671714230376,920529-8475
SE8902LQPT91446488103734,920529-8475
SE8902ZMIE92280783818806,451129-2460
SE8902PJBO20718804604298,731115-2727
SE8902RUFS60316465651336,900710-1026
SE8902BXQI23685027971551,900710-1026
SE8902JXEZ02627245746002,780330-8308
SE8902NMLM36956633220058,780330-8308
SE8902WABA80671991745830,780330-8308
SE8902GSZH91391621188990,500117-5636
SE8902XEKA11659742485329,740616-6020
SE8902QJYU26909657286044,350706-8579
SE8902MQJP11380705638246,931004-0325
SE8902KFFK50136015318581,940210-9509
SE8902NWBH42139231276122,940210-9509
SE8902HHVE14882891293350,940210-9509
SE8902RLTH03632662634887,010207-2535
SE8902MYOF67830605702784,010207-2535
SE8902PSFY01211467765419,001003-9907
SE8902NCHQ05383241398951,620521-9089
SE8902BADO65968898453667,671206-3400
SE8902BIRC46206283725522,040413-9156
SE8902QVRD43136737091818,560130-1566
SE8902YBUM91649266178467,730524-7251
SE8902XPKO29440306068239,730524-7251
SE8902SAUK38756106548184,730524-7251
SE8902PRHA61506657906077,530610-3549
SE8902FWBT85916441228504,940612-8737
SE8902LUYC21483942556730,940612-8737
SE8902CKQN72795971469366,950709-3822
SE8902TVFH53282057943154,950709-3822
SE8902UTXQ46186994218835,950709-3822
SE8902BCGB09402639721004,950709-3822
SE8902QCUD22504040792723,820604-3583
SE8902XFEK65570601507823,370902-0154
SE8902CHPG90425118808478,441022-8888
SE8902HXLB10149156679316,441022-8888
SE8902PCFY59781759139715,441022-8888
SE8902NIFB25528008124700,730310-5568
SE8902TMSX38474464548691,730310-5568
SE8902RYXO33562941610360,390202-9028
SE8902YWQH50779746486712,390202-9028
SE8902TOSX14314674232363,390202-9028
SE8902DJPX89629848207656,541030-7333
SE8902QYUK75923058440099,841210-2538
SE8902GXKS66714923613080,841210-2538
SE8902TBKW34062991571482,610817-9885
SE8902KASG36290465086408,410404-6919
SE8902FMGF16921362391617,410404-6919
SE8902SUPU22107368286746,410404-6919
SE8902CUMA73016131740531,410404-6919
SE8902YULJ56180665771621,480221-2193
SE8902YIXR29588609244770,480221-2193
SE8902SBKV17928186427622,500226-1625
SE8902YREH60256445948405,500226-1625
SE8902GZAO49226888899471,500226-1625
SE8902CDUU61660929189479,500226-1625
SE8902QDDZ01493266009705,800402-6905
SE8902MSKS70942503348697,770715-4147
SE8902KOWL19108099243979,770715-4147
SE8902UHPN71937885399066,440603-3151
SE8902KIPZ83378012088513,831029-2936
SE8902YZWC23724318974586,831029-2936
SE8902AMRJ75051497335013,831029-2936
SE8902PFUA65955298845159,070119-5604
SE8902DNVY67349092911659,070119-5604
SE8902QBFU77974903239810,050313-8067
SE8902NBJB19095650975525,030330-5338
SE8902IACG54044232519044,460319-8310
SE8902NKXR00859309312215,460319-8310
SE8902PFCZ88971783919966,661105-0391
SE8902IQAS41209315371860,661105-0391
SE8902HEMI79004079416247,810417-8192
SE8902LFOG32831877730656,880721-1449
SE8902TJON16189488376725,880721-1449
SE8902NXQN75553814880916,880721-1449
SE8902AOEI11888157159723,910425-0569
SE8902MIDF11176460973267,370824-9903
SE8902XAJW53043482546967,501222-6584
SE8902XWUV40935991476872,600918-0651
SE8902VFTG99252061459530,430822-7596
SE8902XPRV76493567899496,430822-7596
SE8902VJMZ66585930292336,880412-3118
SE8902ABDS01701364961907,470720-1630
SE8902IRXN70281866292484,990131-4873
SE8902ZCTK81497780781136,990131-4873
SE8902TKRB93799625518098,990131-4873
SE8902XFYN40331665173936,520519-5133
SE8902VXBW13958908779060,520519-5133
SE8902XBWW91028579125870,421220-9953
SE8902ZFFS54641169742438,421220-9953
SE8902AEAH33465529509698,680612-3284
SE8902WIZV49599148565208,771019-7539
SE8902OKGM15362718359701,771019-7539
SE8902IQGU69949540367787,771019-7539
SE8902PGNT42361129672323,650630-0398
SE8902LNQG72751750679403,870606-4063
SE8902JYVV72673862515999,860506-6011
SE8902UAZW13872369602420,800327-1791
SE8902DQLW24559347520043,490520-6670
SE8902HWWI70855528580462,870302-7774
SE8902VJUZ52218371196993,870302-7774
SE8902VCAD18253035606269,400928-6537
SE8902OSQP10294973862487,400928-6537
SE8902CARL50738619229703,470112-5371
SE8902SXSV66139578019742,940314-4687
SE8902ZMRY06748088512775,780619-1628
SE8902DVQS82119924518238,780619-1628
SE8902BYDD28842601202864,780619-1628
SE8902GIHV74884246842599,780619-1628
SE8902OULQ88924571915281,690918-3318
SE8902UBER10237927754278,920210-4320
SE8902KNYL13525753615170,920210-4320
SE8902KFZW27637456654899,050118-1887
SE8902RFAD93127690350624,050118-1887
SE8902GFDI02146082509603,661223-2626
SE8902OTGT26923733226539,921013-4327
SE8902LEIQ16043588196306,050316-9872
SE8902WPAU97779463181066,010318-7761
SE8902DIGS61927513105237,010318-7761
SE8902FKYE96295585801229,010921-4098
SE8902OKBP25586865512985,010921-4098
SE8902OVSC20334070794606,010921-4098
SE8902EYAI40413449404955,010921-4098
SE8902YHDH95624192716829,360220-5001
SE8902ENMF86033537014424,360220-5001
SE8902KWGC09517167288801,550214-0477
SE8902UNVY51069080799808,921206-6980
SE8902VXSM52634787408878,921206-6980
SE8902VANG86827956202560,351031-1156
SE8902QCOM51159179331018,421127-7167
SE8902AHHW25831609187762,041105-3135
SE8902BBBD92900838719471,041105-3135
SE8902DFIF62619409849709,851027-1458
SE8902OJZV87378441905395,851027-1458
SE8902IFOG47846578093385,851027-1458
SE8902XMPH01266253886729,851027-1458
SE8902MISM30510735597086,810924-6747
SE8902LHXM42438714486224,491216-2650
SE8902YBPA06747616365238,860720-5146
SE8902MPWG51569045484865,601224-4346
SE8902ZTXO23071825012027,601224-4346
SE8902SPOT75366803801987,541229-5833
SE8902RBPQ42858370864616,970512-8305
SE8902HFSR53083572903940,030720-9973
SE8902JNFW68474844339506,540411-6336
SE8902YZWZ87858217066053,660925-8436
SE8902GWOF13656646987338,040131-0016
SE8902NIIB74522467804955,010607-6805
SE8902WDCF38284869757417,700411-6757
SE8902WFUC02168045258799,670428-7017
SE8902ALWE64418794375241,940921-4039
SE8902WJDM26526890895791,940921-4039
SE8902QLQD50953604363689,940921-4039
SE8902QSEZ62900642158291,500318-9833
SE8902HEBA48610510102589,461224-9195
SE8902SOSH76024453681329,361111-3899
SE8902RYJW27814189025495,361111-3899
SE8902UVRY16194000688254,700320-8738
SE8902NNNR28386574821422,641015-5045
SE8902UZYG74951512780315,641015-5045
SE8902FLMA18768060331290,441119-7330
SE8902ADKD16230449646773,441119-7330
SE8902WGFJ72090874836772,430501-5853
SE8902GHSB29020078073922,950614-2836
SE8902DRNW01025820075953,450220-3229
SE8902OELG14968309944058,810701-7363
SE8902YBIX02378701637177,810701-7363
SE8902JIRN62314882418604,421205-9713
SE8902JXAL47272008936438,900602-3726
SE8902SPLA84551710891296,541201-9092
SE8902GJEV19959770508700,410406-3831
SE8902ZNHI21783939608864,420211-2910
SE8902QVLD06706916367921,570529-2893
SE8902AXQM18280403499014,890101-0481
SE8902MRZJ54641003814611,970131-9494
SE8902YXRL88472345282788,640207-1176
SE8902BRIL75914384755151,011129-2405
SE8902ZJEO82962448424927,011129-2405
SE8902MJIL81207705272655,480219-6958
SE8902NOXD78517742994470,651217-3912
SE8902NEKM17238713453074,380219-1373
SE8902GQAF56677712799125,380219-1373
SE8902GZKG54552009162805,380219-1373
SE8902ROXJ87709608865856,380219-1373
SE8902AVGD46528407389614,990429-0559
SE8902XFGN05965642065136,990429-0559
SE8902XUOQ37054183061149,891030-3471
SE8902QCNP19721394374879,891030-3471
SE8902TONI18274393550042,960806-7808
SE8902RDFD79748993078910,960806-7808
SE8902YEDJ01205803951858,061022-1343
SE8902IJBW38904188628765,061022-1343
SE8902FMID10536679996597,061022-1343
SE8902ZWKS28095257338274,401110-9719
SE8902JFXZ40334167631989,401110-9719
SE8902DOFI01208990186376,401110-9719
SE8902OILP02531246077432,611223-8008
SE8902MQTA07583386361028,041004-4440
SE8902GJBL45406945630901,041004-4440
SE8902PLOQ67311426466791,420922-8909
SE8902ONKL85026172925302,440828-9884
SE8902XGBQ65373440284962,440828-9884
SE8902KFFN35109779680770,391121-3928
SE8902NQRV40490469744981,391121-3928
SE8902XSYV69131047178016,380131-5510
SE8902HODK85678819977506,351123-4134
SE8902YIGY15689375176219,440107-5637
SE8902JTME09227824695264,010826-5976
SE8902UWHJ79819805055119,010826-5976
SE8902OWWY66208651137307,810311-0196
SE8902DGBN51946839388357,810311-0196
SE8902GXGJ09737434359792,780906-7700
SE8902PVMT99502269929745,780906-7700
SE8902FKHS98022985303829,870206-1931
SE8902TMHA72646385787943,870206-1931
SE8902EUXF81891691396825,870206-1931
SE8902CEKC27544305100945,690226-7522
SE8902YFNV15788568473424,690226-7522
SE8902VLZY43895735167710,740618-8388
SE8902JTWL04765331104215,740618-8388
SE8902SHGS62187533607069,440202-6167
SE8902DHTY58610419863874,440202-6167
SE8902XJXJ66998115817653,041021-0876
SE8902YORA10515982490383,041021-0876
SE8902APRX63562848993577,041021-0876
SE8902PTAF77843993668616,680714-5492
SE8902EHTU59069815598850,680714-5492
SE8902FEIJ60109004189441,551021-3902
SE8902ZTYB33411513006359,551021-3902
SE8902SMBI03438185868162,491207-7031
SE8902XFDS45905033879975,491207-7031
SE8902ZAWM87891339334132,491207-7031
SE8902YMWM67923221263529,790311-4127
SE8902ZJBK03539793529686,790311-4127
SE8902IAAP17064707009052,600315-9438
SE8902GZRH81686967761778,600315-9438
SE8902PMAG08583189181534,600315-9438
SE8902YWPH88733310983578,670318-0346
SE8902QVVH33425126369593,670318-0346
SE8902YYDM63526347491057,661202-4429
SE8902CFVV30512683866714,050416-1431
SE8902LHWV91263359767569,380601-5578
SE8902ZDQZ85735825212197,870517-1141
SE8902GOTA27808705650145,870517-1141
SE8902XVPE12442001326703,400518-2425
SE8902BQOF94784189390061,400518-2425
SE8902EDII68114485236045,400518-2425
SE8902UGUU35326815762231,881124-5011
SE8902ZECH07329184737257,881124-5011
SE8902YANL80406594542262,770916-0571
SE8902CAYR28184400854269,680623-6474
SE8902CZMN06754312018557,581102-8637
SE8902ORRS48118816092087,710429-8620
SE8902DYMK28727836359365,740323-4409
SE8902GNES50129557296591,740323-4409
SE8902YBWC04395871663306,010404-6354
SE8902DQYM36490908630376,761006-8749
SE8902QTON45088878513232,761006-8749
SE8902EOQK87745075861922,761006-8749
SE8902AIOW62956716316259,440224-9439
SE8902NVBN39901843446898,440224-9439
SE8902OSUM31787311714438,440224-9439
SE8902TVVW07944483518187,440224-9439
SE8902GTZD12314857392944,670709-7199
SE8902EWKS60852595775659,670709-7199
SE8902STMW83870980133580,670709-7199
SE8902VQDV44258038827151,670709-7199
SE8902WWYX14350160073945,681002-1789
SE8902YJGY22142109131075,681002-1789
SE8902KWJE25618757328979,600915-9754
SE8902BOXY64871872720401,600915-9754
SE8902TSLW64629501935121,600915-9754
SE8902YUBQ50433561046806,411026-6477
SE8902NLPV05101680537537,411026-6477
SE8902FHYM56802980847454,411026-6477
SE8902DFDE10377026495528,041204-2210
SE8902OFTJ79383582820961,061112-5832
SE8902HBJK93110274210203,750406-2584
SE8902VWXK42191765114871,851019-2308
SE8902YNEG45809952624906,851019-2308
SE8902PFMB93666687080636,710609-6535
SE8902GVKT62124718311587,710609-6535
SE8902OEQF58082660806550,710609-6535
SE8902QBVC38031274896724,700710-1087
SE8902ELOW76907000148619,620603-8850
SE8902TARS73293766587552,800306-5847
SE8902KVSV81092256666408,800306-5847
SE8902XARM90172386742244,800306-5847
SE8902YERF08265652105112,520328-2842
SE8902RENF20626970972224,520328-2842
SE8902YRPI91283893221753,440512-1270
SE8902OLYJ75119346245205,440512-1270
SE8902DTWL15581241936252,440512-1270
SE8902YCMH62501138405727,440512-1270
SE8902QYSY81014676327000,760120-4154
SE8902AFOU10164539916013,760120-4154
SE8902XIOP55762967773996,760120-4154
SE8902AGTC76402704279286,760120-4154
SE8902EJUK14153809334395,690123-9977
SE8902ZKZE03352259811045,530808-9696
SE8902FUEO19973931032909,530808-9696
SE8902CDJH95141039369424,910526-8503
SE8902LTEB55772338700469,910526-8503
SE8902XJXO24323243710044,910526-8503
SE8902LYWY52207782370009,950814-2750
SE8902PUTI27368119946710,950814-2750
SE8902ZFCJ85266822978818,921231-2673
SE8902OETG93189334327881,921231-2673
SE8902WWPN36583068524999,921231-2673
SE8902SPMV06240825225975,650218-3392
SE8902MAVP99765805035027,650218-3392
SE8902CUOA55859966187343,920623-5336
SE8902MINV17334030266764,380402-5223
SE8902DGRO18476288845448,001015-8624
SE8902FUXQ13611890616632,001015-8624
SE8902TTCV22659277900658,840828-8945
SE8902QOLP68576231602784,640122-9411
SE8902XHDH97099673211691,810825-2753
SE8902NQVT00867426002134,810825-2753
SE8902OIOG12978777374762,741222-7501
SE8902ABOS54302823852209,741222-7501
SE8902WJRN19883673497555,040814-4327
SE8902MORC95963771559704,040814-4327
SE8902DOSN50610060091936,381120-9885
SE8902ZQTF23438409122635,381120-9885
SE8902XNUU38667095299418,850228-1978
SE8902GRHA70024737117241,620828-1441
SE8902NOWZ09781738609160,620828-1441
SE8902GJPJ21866669764448,620828-1441
SE8902THMG75207589410634,010602-2940
SE8902ORAT65143572227414,010602-2940
SE8902RMZQ99119231760140,390706-5712
SE8902EHQT53687871208531,390706-5712
SE8902VULP28317370301184,901124-3400
SE8902PXRQ98520175302074,911111-4402
SE8902RBXU00091422402190,911111-4402
SE8902LFCU74107203362240,911111-4402
SE8902DMTK02100815459260,911111-4402
SE8902CRCW34066239004922,780718-5090
SE8902UGGW38274485777478,600508-9435
SE8902TUFM02844898189627,860713-8024
SE8902ZUBS27912610124575,890419-2955
SE8902PQQA91803707968793,890419-2955
SE8902EVCJ18582465780769,900522-5926
SE8902RUZG18814542051536,900522-5926
SE8902FZSN55947389902845,470606-3262
SE8902ARZK76217160045547,470606-3262
SE8902PEMO00496019465141,780627-8714
SE8902EANL33346362686121,751005-1860
SE8902AZSP13287899419402,751005-1860
SE8902RXPZ64193650870827,751005-1860
SE8902FKMU98532754573323,751005-1860
SE8902ITVH26113588018628,951223-4403
SE8902YFRV85699768159258,951223-4403
SE8902MQZJ06643246897705,050623-3907
SE8902FWCH71102712794153,050623-3907
SE8902OYAH39744900512609,050623-3907
SE8902XETE95068684209773,580615-1113
SE8902TZSS77431559302602,810529-0871
SE8902CYPH60544976843583,810529-0871
SE8902QYWM08226326615443,810529-0871
SE8902OYYC26878073615803,430102-8306
SE8902FNVL25969348892346,430102-8306
SE8902SPMP91486768673172,430102-8306
SE8902GAXX53411861552462,850116-7558
SE8902YXOS87838017500335,940822-3189
SE8902JWXW28958053475452,940822-3189
SE8902MURT68729362533248,640716-8654
SE8902VVUL13283946661384,640716-8654
SE8902KWRS27148391651848,970116-2787
SE8902KWSP63038857977275,970116-2787
SE8902TMAZ51468626641221,910301-3570
SE8902KMXN52564213381947,390224-9725
SE8902HUPY67929894959123,891121-8041
SE8902JTIU30473679174736,891121-8041
SE8902XCIR72675281902466,820827-1828
SE8902TUHD34770837374560,740830-3035
SE8902QLED17935826591915,720218-1660
SE8902HMCZ09136061205337,410829-6163
SE8902MMNV35784660404948,410829-6163
SE8902VSPR33562992730471,430511-1629
SE8902NPHM95440604719066,470622-7867
SE8902UPMV66415672183575,470622-7867
SE8902HAHX05192939117708,440217-6293
SE8902IETM52089049623113,440217-6293
SE8902DXER23023951967280,460524-2876
SE8902ZUOU40396545889546,460524-2876
SE8902WBFK37994122017616,690718-9101
SE8902TMVQ62559128130402,690718-9101
SE8902QNMM99008031804359,011029-6852
SE8902PVNM34258841032637,551014-9866
SE8902WINU18325188489431,551014-9866
SE8902GUKI33865782482701,551014-9866
SE8902BSOB17404569244252,540116-4602
SE8902GDKU45032945438327,540116-4602
SE8902YIAD46040982190137,540116-4602
SE8902YHPG83168569237782,540116-4602
SE8902HTRS03259438277897,870930-6461
SE8902KDEZ48747876485385,430703-4134
SE8902BRZE40142159892187,430703-4134
SE8902KLCO29429723379486,721012-5659
SE8902NBIZ83446887518068,760516-9296
SE8902QLYH24628869288269,870818-9462
SE8902THHW31823034276516,870818-9462
SE8902EHTP72915274751435,870818-9462
SE8902TAHI51097798630045,870818-9462
SE8902LKRM96767797463197,831226-2531
SE8902ZGLL07430315277968,831226-2531
SE8902SLBZ46706062219762,530830-3527
SE8902FBTR73223116722714,530830-3527
SE8902FTIV24633690574571,530830-3527
SE8902OCQK11725418237602,850630-1954
SE8902RASX95864855242605,850630-1954
SE8902ZIPR73751541971020,850630-1954
SE8902ROFI55976431488069,760413-3962
SE8902ZZNR41237043450267,760413-3962
SE8902EYZV57214534359238,611114-2755
SE8902WSFB21589079568833,910207-5331
SE8902RTPP26534696624492,510519-9201
SE8902ZZYD33218163616915,610620-8330
SE8902MQQY51782698732487,720628-2324
SE8902XIPF48454762305912,550512-0229
SE8902QQEM64469622591152,550512-0229
SE8902PLBL16144667744762,550512-0229
SE8902LVNK47443019784697,830908-8246
SE8902VMWP60739361675669,830908-8246
SE8902LUGA16653984392162,741009-4614
SE8902PNRT14858483416763,741009-4614
SE8902FPGB53740832393246,990816-5161
SE8902ZPXA01787857989303,931028-8825
SE8902XZSQ43469647161652,411219-0204
SE8902TNEQ21759041931830,500902-1220
SE8902UNIQ60986055961346,500902-1220
SE8902YLUL42869164891487,500902-1220
SE8902LYFI88654386046994,681114-4002
SE8902JBML23966854830022,750416-7920
SE8902MDNR23654048962365,750416-7920
SE8902XYWW06047880682425,820322-8260
SE8902YFUG89397049014204,041020-5371
SE8902TQXV74190163701650,011109-1492
SE8902QSEX48124440213093,550718-8943
SE8902CRKA97370313824795,550718-8943
SE8902QVDX07065136908695,011116-3267
SE8902LLGR94243337164385,011116-3267
SE8902XIIY68366812613028,011116-3267
SE8902XUYH86436254539837,770429-7501
SE8902AQCO44387324377348,540614-9160
SE8902TCCK48879115025867,541020-7657
SE8902WATX62152063702344,810516-5800
SE8902TBOJ86049292227405,810516-5800
SE8902OATV02658940061811,810516-5800
SE8902HLML76292022524770,020711-6625
SE8902GKEP38370221536247,790105-4275
SE8902UZBS49516417731818,790907-6270
SE8902OOLM49343686376830,380321-3721
SE8902SVQW25123995841385,880321-5667
SE8902WCIT71011280885223,600825-1057
SE8902JDXF35466571430209,940925-9703
SE8902LHUA50734331657544,750425-2219
SE8902UIXL22740523863004,750425-2219
SE8902NNNA87679319218094,750425-2219
SE8902MKGL15508437601995,750425-2219
SE8902VMHX62709096665480,391223-1101
SE8902DGXP57963435565595,850110-2126
SE8902GGWE97497502378359,850110-2126
SE8902RHZS07263432451114,500911-0213
SE8902MKFC17006139746737,691224-2689
SE8902FADN38705986955694,691224-2689
SE8902AHVW14609154839055,530116-4132
SE8902MPFF59071266405689,480913-1966
SE8902IOUR73096302679146,770714-3595
SE8902GZKU10549826849499,020129-8650
SE8902NILS51480673047457,531001-9541
SE8902EPZK82020056741347,990720-2171
SE8902WEPX09489049975102,990720-2171
SE8902NFEX92122769382579,990720-2171
SE8902RDOL83252725715066,990720-2171
SE8902DVSD57008700941701,990720-2171
SE8902DGXX88147139459340,990720-2171
SE8902VEMX25234923276716,710824-0206
SE8902IPMR06918676283049,710824-0206
SE8902ETCY90517906060184,760925-9945
SE8902PQAY31420284375015,720302-4638
SE8902ZRZI47417483372579,710630-2347
SE8902TCIS05326189768955,710630-2347
SE8902FHHP30665400671103,000121-2265
SE8902SUFL84984390436207,930305-9506
SE8902FBRS06307972224493,930305-9506
SE8902UTKC76119475507073,500523-1906
SE8902ZPHS02086856755015,901114-1687
SE8902PVDU32397262267370,901114-1687
SE8902FKXG94756014478535,610503-2723
SE8902BWOT03489901672599,010111-4825
SE8902ASFC38684084271407,010111-4825
SE8902ASTS23624054451805,010111-4825
SE8902CUNN22125220865735,860116-5080
SE8902RZVW68005461246316,860116-5080
SE8902FZYK87978190387699,421004-0905
SE8902QUFJ50463670043368,650727-5763
SE8902RPRH48981618994827,661005-6548
SE8902WYUG92028275995927,661005-6548
SE8902LCFU45262185232485,661005-6548
SE8902YRJE25577068372391,501225-9973
SE8902ZQSR31963404580039,501225-9973
SE8902SJVO55654185313291,501225-9973
SE8902PZCI77761871178523,630220-1436
SE8902TDQR72645888062798,630220-1436
SE8902NNNO44225102810397,580816-4684
SE8902EGRU04525904634974,700921-3088
SE8902AAOA59642017060227,691125-3695
SE8902YSLL26649994554341,871118-1928
SE8902JONV09925711868012,710507-3238
SE8902FOXC84791598609467,710507-3238
SE8902GREW10972860106946,351129-4161
SE8902GBGP44172108348620,800426-6428
SE8902AJSV94182461717656,870720-1813
SE8902IKUU90169881819014,870720-1813
SE8902ZDZF35824709915348,991106-3973
SE8902PFYI37989903515742,991106-3973
SE8902VABD28433519743158,991106-3973
SE8902LNMM65005427787530,560513-7834
SE8902TVXK53170573534289,560513-7834
SE8902UUTG33531545423098,770716-1829
SE8902TGSS63115928762234,770716-1829
SE8902ENZW25848870664611,770716-1829
SE8902KVOL90407760349687,770716-1829
SE8902GXQE70403294190338,420515-5866
SE8902TSIH97788635751412,420515-5866
SE8902TXWD68698852887733,630711-4477
SE8902YWZE35031868738690,630711-4477
SE8902TTRQ67764510281897,461117-4469
SE8902QILJ09667839424264,461117-4469
SE8902GBSN65881879746261,581122-2255
SE8902SYOK34574595890962,860227-5433
SE8902TGDM09742731733206,580504-0457
SE8902RUPP97970833512919,380415-5368
SE8902FITK67729451632648,430221-9953
SE8902YARE38911515845364,430221-9953
SE8902ZEJN42200086959831,750620-1875
SE8902VBPS31468933549596,920507-6327
SE8902DORF63489542240166,920507-6327
SE8902RLXE45562764852432,510619-2601
SE8902XZAS22158117574887,780628-1619
SE8902ARJI52424267786590,780628-1619
SE8902PZDL59107473276443,460327-4996
SE8902PEZC68306534625963,460327-4996
SE8902PDPB59162046614533,380222-3051
SE8902GYOM68592348894619,380222-3051
SE8902ZBRA01455414601958,381123-2937
SE8902QZNU18414720978758,420409-4124
SE8902FXEO42999261877496,480314-7307
SE8902YFAI41572077231677,480314-7307
SE8902VUUX56420531096812,480314-7307
SE8902TEYP63912424658963,851104-3807
SE8902JPEZ29549435970218,720217-9342
